first_name,last_name,gender
Emma,Smith,F
Liam,Johnson,M
Noah,Williams,M
Olivia,Brown,F
Ava,Jones,F
Sophia,Miller,F
Isabella,Davis,F
Mia,Garcia,F
Charlotte,Martinez,F
Amelia,Hernandez,F
Harper,Lopez,F
Evelyn,Gonzalez,F
Abigail,Wilson,F
Emily,Anderson,F
Ella,Thomas,F
Elizabeth,Taylor,F
Camila,Moore,F
Luna,Jackson,F
Sofia,Martin,F
Avery,Lee,F
Mila,Perez,F
Aria,Thompson,F
Scarlett,White,F
Penelope,Harris,F
Layla,Sanchez,F
Chloe,Clark,F
Victoria,Ramirez,F
Madison,Lewis,F
Eleanor,Robinson,F
Grace,Walker,F
Nora,Young,F
Riley,Allen,F
Zoey,King,F
Hannah,Wright,F
Hazel,Scott,F
Lily,Torres,F
Ellie,Nguyen,F
Violet,Hill,F
Lillian,Flores,F
James,Evans,M
Benjamin,Edwards,M
Lucas,Collins,M
Henry,Stewart,M
Alexander,Morris,M
Jackson,Rogers,M
Sebastian,Reed,M
Mateo,Cook,M
Jack,Morgan,M
Owen,Bell,M
Theodore,Murphy,M
Leo,Bailey,M
Ezra,Cooper,M
Hudson,Richardson,M
Daniel,Cox,M
Gabriel,Howard,M
Samuel,Ward,M
Anthony,Brooks,M
Isaac,Gray,M
Grayson,James,M
Christopher,Bennett,M
Andrew,Wood,M
Lincoln,Barnes,M
Thomas,Ross,M
Eli,Henderson,M
Charles,Coleman,M
Adam,Sullivan,M
Ian,Wallace,M
Wesley,Woods,M
Jameson,Cole,M
Nathan,Jordan,M
Elias,Owens,M
Carter,Boyd,M
Jonathan,Bryant,M
Wyatt,Reynolds,M
Finn,Jensen,M
Oscar,Nielsen,M
Hugo,Larsen,M
Arthur,Johansson,M
Alfred,Eriksson,M
Emil,Gustafsson,M
Oskar,Pettersson,M
Viktor,Andersson,M
Lukas,Möller,M
Julian,Schmidt,M
Jonas,Meyer,M
Leon,Schneider,M
Felix,Fischer,M
Paul,Weber,M
Max,Becker,M
Moritz,Koch,M
Levi,Richter,M
David,Klein,M
Jakob,Schmitt,M
Jonah,Krüger,M
Tobias,Lange,M
Lorenz,Maier,M
Simon,Hartmann,M
Luis,Werner,M
Marco,Schmid,M
Florian,Braun,M
Fabian,Huber,M
Stefan,Keller,M
Nicolas,Vogel,M
Kevin,Schwarz,M
Matteo,Rossi,M
Giuseppe,Russo,M
Lorenzo,Ferrari,M
Francesco,Esposito,M
Andrea,Bianchi,M
Gabriele,Colombo,M
Riccardo,Conti,M
Davide,De Luca,M
Antonio,Costa,M
Federico,Giordano,M
Alessandro,Lombardi,M
Miguel,Santos,M
Mateus,Oliveira,M
Rafael,Pereira,M
Pedro,Lima,M
Guilherme,Carvalho,M
Bruno,Gomes,M
Tiago,Rodrigues,M
Diogo,Almeida,M
Martin,Novak,M
Jakub,Svoboda,M
Tomas,Novotny,M
Jan,Havlicek,M
Robert,Prochazka,M
Petr,Kolar,M
Marek,Král,M
Filip,Fiala,M
Ondrej,Barta,M
Dominik,Urbánek,M
Zdenek,Kubík,M
Maxime,Dupont,M
Louis,Moreau,M
Jules,Durand,M
Ethan,Fournier,M
Raphaël,Lefèvre,M
Tom,Gerard,M
Noé,Masson,M
Léo,Barbier,M
Enzo,Renaud,M
Sacha,Colin,M
Robin,Besson,M
Alexandre,Renard,M
Lars,Schulz,M
Mikael,Berg,M
Henrik,Solberg,M
Sindre,Haugen,M
Nikolai,Johansen,M
Ole,Bergstrom,M
Morten,Halvorsen,M
Anders,Karlsen,M
Sverre,Lunde,M
Haakon,Rye,M
Jens,Fredriksen,M
Aksel,Eliasen,M
Einar,Dahl,M
Ronan,O’Connor,M
Sean,O’Brien,M
Patrick,O’Sullivan,M
Noel,O’Reilly,M
Declan,O’Shea,M
Connor,Doyle,M
Aidan,Kelly,M
Eoin,Walsh,M
Shane,Lynch,M
Harrison,Roberts,M
Theo,Adams,M
Rowan,Mitchell,M
Miles,Baker,M
Xavier,Campbell,M
Amos,Peterson,M
Ivan,Hughes,M
Dorian,Bishop,M
Adrian,Kim,M
Victor,Diaz,M
Pablo,Castillo,M
Alvaro,Serrano,M
Javier,Marín,M
Carlos,Iglesias,M
Diego,Vega,M
Sergio,Cortes,M
Eduardo,Soto,M
Manuel,Reyes,M
Fernando,Silva,M
Mario,Quintero,M
Raul,Delgado,M
Clara,Hunt,F
Derek,Stone,M
Eliza,Harper,F
Hector,Frost,M
Kiera,Hale,F
Maya,Flynn,F
Olive,Cross,F
Peter,Grant,M
Quinn,Sharp,F
Stella,Briggs,F
Uma,Ellis,F
Willa,Hart,F
Xander,Marsh,M
Yara,Stevens,F
Zane,Palmer,M
Blake,Ford,M
Celia,Turner,F
Emilia,Fleming,F
Greta,Byrne,F
Iris,Perry,F
Jasper,Montgomery,M
Nico,Patel,M
Ophelia,Lang,F
Percy,Hamilton,M
Quincy,Hayward,M
Rosalie,Clarke,F
Silas,Walton,M
Tessa,Bradley,F
Valeria,Simpson,F
Xena,Holloway,F
Yves,Carson,M
Zelda,Maddox,F
Aaron,Ferguson,M
Bianca,Whitman,F
Calvin,Chester,M
Dahlia,Hudson,F
Eliot,Porter,M
Fiona,Shepherd,F
Gideon,Abbott,M
Helena,Baldwin,F
Jocelyn,Paterson,F
Kellan,Hayes,M
Leona,Marston,F
Micah,Beck,M
Nadia,Quinn,F
Orion,Bates,M
Priscilla,Duncan,F
Selina,Hartman,F
Tristan,Curtis,M
Una,Law,F
Vince,Rowe,M
Winona,Page,F
Yasmine,Everett,F
Zachary,Lloyd,M
Amira,Spencer,F
Elara,Parks,F
Gabriella,Chandler,F
Holden,Kirk,M
Ivy,Forrest,F
Jude,Randall,M
Landon,Greene,M
Maris,Oliver,F
Nolan,Beckett,M
Odette,Chase,F
Selene,Fisher,F
Ulla,Brady,F
Vincent,Lancaster,M
Bryce,Sanders,M
Celeste,Kane,F
Isabel,Forbes,F
Jared,Hawthorne,M
Kelsey,Lawrence,F
Nathaniel,Carter,M
Zion,Beaumont,M
Dashiell,Pierce,M
Elodie,Foster,F
Mabel,Shaw,F
Viggo,Day,M
Ariella,Knox,F
Dante,Bryson,M
Isla,Chambers,F
Quentin,Drake,M
Umar,Monroe,M
Raymond,Gilliam,M
Savannah,West,F
Drew,Garza,M
Jaxson,Reeves,M
Sarah,Zamora,F
Zayden,Newman,M
Weston,Mclaughlin,M
Morgan,David,M
Jaime,Yang,M
Alexandra,Clayton,F
Tatum,Riddle,M
Anaya,Stanton,F
Desmond,Gates,M
Amaris,Daniel,F
Van,Holland,M
Nicholas,Morales,M
Saylor,Burnett,F
Archer,Vincent,M
Emmaline,Whitney,F
Talon,Richards,M
John,Vinson,M
Travis,Erickson,M
Lucca,Harrison,M
Adrianna,Barber,F
Jessica,Haley,F
Penny,Hardin,F
Devin,Key,M
Jefferson,Mcguire,M
Stacy,Valencia,F
Wallace,Heath,M
Madelynn,Price,F
Junior,Higgins,M
Carina,Rivas,F
Angie,May,F
Bentley,Bush,M
Teagan,Hurst,F
Muhammad,Sheppard,M
Mack,Patton,M
Kendall,Watson,F
Ruby,Hoffman,F
Mekhi,Mccray,M
Keira,Sweet,F
Mikaela,Swanson,F
Nixon,Mccullough,M
Camden,Albert,M
Cataleya,Downs,F
Elliott,Dejesus,M
Carmen,Rodriguez,F
Paige,Bowers,F
Taylor,Banks,M
Georgina,Newton,F
Zaiden,Frye,M
Oakley,Carpenter,M
Catalina,Mcneil,F
Madilyn,Dickson,F
Thiago,Mccormick,M
Kimberly,Oneal,F
Hunter,Goodman,F
Vivian,Atkinson,F
Brylee,Valenzuela,F
Murphy,Odonnell,F
Kayla,Cervantes,F
Reuben,Austin,M
Kason,Barr,M
Esther,Britt,F
Liv,Cleveland,F
Mckinley,Cantu,F
Briar,Farrell,F
Luca,Mcintosh,M
Sutton,Woodard,F
Remy,Lawson,F
Kannon,Bond,M
Wendy,Foreman,F
Zaylee,Mccall,F
Lylah,Todd,F
Cameron,Sharpe,M
Maximus,Lyons,M
Audrina,Potter,F
Randy,Crosby,M
Korbin,Franco,M
Lee,Trujillo,M
Oakleigh,Blevins,F
Holly,Nixon,F
Nikolas,Moss,M
Alaina,Obrien,F
Janet,Simon,F
Julianne,Cooley,F
Arjun,Dotson,M
Emerson,Rice,M
Brady,Larson,M
Yahir,Johns,M
Coraline,Best,F
Eden,Sweeney,M
Zahir,Foley,M
Chelsea,Long,F
Cristian,Clements,M
Raina,Paul,F
Daniella,Rasmussen,F
Riggs,Nash,M
Elora,Mendoza,F
Marcos,Compton,M
Cecilia,Barrera,F
Chance,Guthrie,M
Jayce,Merritt,M
Salvatore,French,M
Liana,Brewer,F
Yael,Hyde,M
Reese,Collier,F
Bella,Adkins,F
Vihaan,Bowman,M
Casey,Gamble,F
Magnus,Mayo,M
Melany,Ayers,F
Macie,Garrison,F
Keyla,Luna,F
Dulce,Moody,F
Spencer,Finley,M
Megan,Reese,F
Ellis,Lane,F
Leia,Ramos,F
Rebekah,Navarro,F
Finnegan,Roach,M
Stetson,Lott,M
Maxim,Alston,M
Zola,Levy,F
Kensley,Hays,F
Philip,Robertson,M
Wells,Patterson,M
Imani,Cote,F
Mina,Mccloud,F
Erin,Ewing,F
Reginald,Guzman,M
Grant,Bryan,M
Ramon,Bauer,M
Cynthia,Wilkinson,F
Greyson,Nieves,M
Delilah,Wade,F
Elaine,Weaver,F
Orlando,Pugh,M
Berkley,Herman,F
Fatima,Roberson,F
Ashlyn,Hickman,F
Memphis,Phillips,M
Alessia,Brock,F
Nasir,Whitaker,M
Lawrence,Hull,M
Hadlee,Snider,F
Harley,Jennings,M
Franco,Gonzales,M
Helen,Short,F
Kaylie,Elliott,F
Troy,Dean,M
Gael,Riggs,M
Antonella,Marks,F
Mya,Small,F
Kashton,Dudley,M
Jianna,Acosta,F
Lyric,Dowdy,F
Brinley,Maldonado,F
Luka,Fletcher,M
Zev,Pearson,M
Kamden,Rowland,M
Savanna,Farmer,F
Thatcher,Hansen,M
Richard,Buckner,M
Dominic,Hayden,M
Royal,Good,F
Jordan,Gay,M
Cheyenne,Wilkins,F
Ashley,England,F
Shiloh,Burt,M
Alaya,Alvarez,F
Madilynn,Macdonald,F
Laura,Slater,F
Terrell,Carrillo,M
Juliana,Woodward,F
Violeta,Delacruz,F
Lara,Benjamin,F
Camille,Lamb,F
Shawn,Osborne,M
Stephen,Maxwell,M
Paola,Mcleod,F
Jayda,Nicholson,F
Tinsley,Gross,F
Asher,Carney,M
Hanna,Alvarado,F
Raphael,Winters,M
Marcelo,Moran,M
Zakai,Nichols,M
Amiyah,Horne,F
Viviana,Bullock,F
Opal,Willis,F
Zeke,Barrett,M
Frida,Alford,F
Elliot,Bradford,F
Genesis,Conner,F
Rene,Flowers,M
Legacy,Mccarthy,F
Melody,Gomez,F
Parker,Myers,F
Nalani,Singleton,F
Bodhi,Garner,M
Daphne,Love,F
Paxton,Mcpherson,M
Mary,Stephenson,F
Gunner,Gillespie,M
Samira,Shaffer,F
Chase,Dawson,M
Jayden,Tate,M
Emmy,Hoover,F
Keegan,Snyder,M
Jaiden,Conley,M
Kane,Mosley,M
Willow,Little,F
Paisley,Leblanc,F
Walter,Wise,M
Zara,Mccollum,F
Karson,Copeland,M
Terrence,Hawkins,M
Kali,Acevedo,F
Dallas,Gallegos,M
Shepherd,Sargent,M
Valentino,Haney,M
Garrett,Middleton,M
Marceline,Warner,F
Anika,Sosa,F
Dean,Rose,M
Madisyn,Cummings,F
Celine,Golden,F
Odin,Jacobson,M
Paris,Blake,F
Waverly,Buck,F
Princeton,Moon,M
Skyler,Weeks,M
Callie,Warren,F
Ruben,Owen,M
Angelina,Cain,F
Raiden,Faulkner,M
Kai,Callahan,M
Cailyn,Kidd,F
Jazmine,Mueller,F
Kelvin,Glass,M
Rory,Bowen,F
Blakely,Solis,F
Alexis,Potts,F
Rodrigo,Jenkins,M
Joshua,Gregory,M
Jensen,Suarez,M
Teresa,Stafford,F
Nathanael,Nelson,M
Ulises,Vargas,M
Terry,Galloway,M
Evelynn,George,F
Alena,Cotton,F
Cecelia,Prince,F
Layton,Espinoza,M
Paislee,Pruitt,F
Lucia,House,F
Leilani,Vang,F
Jayson,Avila,M
Jazlyn,Pineda,F
Axel,Welch,M
Legend,York,M
Adalee,Mejia,F
Kaleb,Witt,M
Arabella,Guerrero,F
Rhett,Houston,M
Seth,Medina,M
Ria,Hall,F
Erik,Cortez,M
Sasha,Ray,F
Everleigh,Graham,F
Arya,Rosales,F
Ensley,Fuentes,F
Daxton,Rush,M
Watson,Carroll,M
Hank,Joseph,M
Porter,Madden,M
Roy,Stein,M
Sage,Beach,M
Ibrahim,Henson,M
Skyla,Jacobs,F
Kobe,Zimmerman,M
Sabrina,Whitehead,F
Hallie,Villarreal,F
Madden,Orr,M
Kenneth,Rosario,M
Jazmin,Kennedy,F
Khloe,Mack,F
Maximilian,Blankenship,M
Sawyer,Emerson,M
Myra,Rios,F
Chandler,Yates,F
Barbara,Robbins,F
Soren,Deleon,M
Emmalyn,Richard,F
Marianna,Chapman,F
Aaliyah,Berger,F
Giana,Pate,F
Izabella,Baxter,F
Zechariah,Byers,M
Journee,Griffith,F
Rey,Sloan,M
Elisa,Irwin,F
Rebecca,Noel,F
Neil,Berry,M
Liberty,Tanner,F
Omari,Travis,M
Rex,Browning,M
Carolina,Wooten,F
Isaiah,Mcclellan,M
Mathias,Sexton,M
Damian,Delaney,M
Kinley,Stevenson,F
Malia,Nolan,F
Lila,Glover,F
Karen,Hodge,F
Charlie,Buchanan,F
Trenton,Pena,M
Joyce,Sampson,F
Messiah,Pennington,M
Cadence,Saunders,F
Ashlynn,Mccoy,F
Belen,Harvey,F
Braelynn,Knight,F
Roselyn,Mendez,F
Kathryn,Montoya,F
Sariyah,Kerr,F
